,elevation,lat,lon,time
0,47.4,51.54514,-0.201603,2015-03-14 14:56:01
1,47.4,51.54515,-0.201543,2015-03-14 14:56:04
2,47.2,51.545149,-0.201421,2015-03-14 14:56:10
3,47.3,51.545159,-0.201507,2015-03-14 14:56:16
4,47.4,51.545124,-0.201548,2015-03-14 14:56:19
5,47.4,51.545098,-0.20158,2015-03-14 14:56:21
6,47.4,51.54507,-0.201591,2015-03-14 14:56:25
7,47.3,51.544973,-0.201531,2015-03-14 14:56:53
8,47.3,51.54494,-0.201518,2015-03-14 14:56:54
9,47.3,51.544907,-0.201506,2015-03-14 14:56:55
10,47.3,51.544873,-0.201489,2015-03-14 14:56:56
11,47.3,51.544842,-0.201464,2015-03-14 14:56:57
12,47.2,51.544811,-0.201435,2015-03-14 14:56:58
13,47.2,51.544782,-0.201405,2015-03-14 14:56:59
14,47.1,51.544757,-0.201372,2015-03-14 14:57:00
15,47.1,51.544732,-0.201339,2015-03-14 14:57:01
16,47.1,51.544704,-0.201309,2015-03-14 14:57:02
17,47.0,51.544673,-0.20128,2015-03-14 14:57:03
18,47.0,51.544641,-0.201255,2015-03-14 14:57:04
19,47.0,51.544608,-0.201225,2015-03-14 14:57:05
20,47.0,51.544575,-0.201189,2015-03-14 14:57:06
21,47.0,51.544543,-0.201149,2015-03-14 14:57:07
22,46.9,51.544515,-0.201107,2015-03-14 14:57:08
23,46.9,51.544485,-0.201067,2015-03-14 14:57:09
24,46.8,51.544453,-0.20103,2015-03-14 14:57:10
25,46.8,51.544422,-0.200991,2015-03-14 14:57:11
26,46.8,51.544388,-0.200954,2015-03-14 14:57:12
27,46.7,51.544353,-0.200918,2015-03-14 14:57:13
28,46.7,51.544317,-0.200884,2015-03-14 14:57:14
29,46.6,51.54428,-0.200847,2015-03-14 14:57:15
30,46.6,51.544244,-0.200809,2015-03-14 14:57:16
31,46.5,51.544208,-0.200771,2015-03-14 14:57:17
32,46.5,51.544172,-0.200734,2015-03-14 14:57:18
33,46.5,51.544134,-0.200696,2015-03-14 14:57:19
34,46.4,51.544096,-0.200657,2015-03-14 14:57:20
35,46.4,51.544059,-0.200618,2015-03-14 14:57:21
36,46.3,51.544024,-0.200578,2015-03-14 14:57:22
37,46.3,51.543988,-0.200538,2015-03-14 14:57:23
38,46.2,51.543954,-0.200497,2015-03-14 14:57:24
39,46.2,51.54392,-0.200458,2015-03-14 14:57:25
40,46.2,51.543886,-0.200418,2015-03-14 14:57:26
41,46.1,51.543851,-0.200377,2015-03-14 14:57:27
42,46.1,51.543817,-0.200336,2015-03-14 14:57:28
43,46.0,51.543783,-0.200294,2015-03-14 14:57:29
44,46.0,51.543747,-0.200254,2015-03-14 14:57:30
45,45.9,51.543712,-0.200213,2015-03-14 14:57:31
46,45.9,51.543678,-0.200171,2015-03-14 14:57:32
47,45.8,51.543646,-0.200127,2015-03-14 14:57:33
48,45.8,51.543615,-0.200083,2015-03-14 14:57:34
49,45.7,51.543584,-0.200038,2015-03-14 14:57:35
50,45.6,51.543552,-0.19999,2015-03-14 14:57:36
51,45.5,51.543508,-0.199942,2015-03-14 14:57:37
52,45.5,51.54347,-0.199897,2015-03-14 14:57:38
53,45.4,51.543442,-0.19986,2015-03-14 14:57:39
54,45.3,51.543408,-0.199818,2015-03-14 14:57:40
55,45.2,51.543373,-0.199778,2015-03-14 14:57:41
56,45.1,51.543336,-0.199742,2015-03-14 14:57:42
57,45.0,51.543321,-0.19969,2015-03-14 14:57:43
58,44.9,51.543291,-0.19965,2015-03-14 14:57:44
59,44.8,51.543257,-0.199614,2015-03-14 14:57:45
60,44.7,51.543214,-0.199583,2015-03-14 14:57:46
61,44.7,51.543192,-0.199547,2015-03-14 14:57:47
62,44.7,51.543155,-0.199507,2015-03-14 14:57:48
63,44.6,51.543108,-0.199468,2015-03-14 14:57:49
64,44.6,51.543058,-0.199428,2015-03-14 14:57:50
65,44.6,51.543017,-0.199401,2015-03-14 14:57:51
66,44.6,51.542973,-0.199389,2015-03-14 14:57:52
67,44.6,51.542941,-0.19934,2015-03-14 14:57:53
68,44.7,51.542907,-0.199302,2015-03-14 14:57:54
69,44.8,51.542867,-0.199252,2015-03-14 14:57:55
70,44.9,51.542832,-0.1992,2015-03-14 14:57:56
71,45.0,51.542801,-0.199156,2015-03-14 14:57:57
72,45.0,51.542767,-0.199113,2015-03-14 14:57:58
73,45.1,51.542734,-0.199077,2015-03-14 14:57:59
74,45.1,51.542702,-0.199042,2015-03-14 14:58:00
75,45.2,51.54267,-0.198999,2015-03-14 14:58:01
76,45.3,51.542672,-0.198947,2015-03-14 14:58:02
77,45.4,51.542637,-0.198906,2015-03-14 14:58:03
78,45.5,51.542597,-0.19883,2015-03-14 14:58:04
79,45.5,51.542565,-0.19878,2015-03-14 14:58:05
80,45.5,51.542527,-0.198751,2015-03-14 14:58:06
81,45.6,51.542495,-0.198699,2015-03-14 14:58:07
82,45.6,51.542451,-0.198648,2015-03-14 14:58:09
83,45.7,51.54243,-0.198612,2015-03-14 14:58:10
84,45.7,51.542384,-0.198536,2015-03-14 14:58:11
85,45.7,51.542356,-0.198497,2015-03-14 14:58:12
86,45.7,51.542319,-0.19845,2015-03-14 14:58:13
87,45.8,51.542303,-0.198405,2015-03-14 14:58:14
88,45.8,51.542277,-0.198351,2015-03-14 14:58:15
89,45.8,51.542239,-0.198305,2015-03-14 14:58:17
90,45.8,51.542188,-0.198265,2015-03-14 14:58:19
91,45.8,51.542158,-0.198241,2015-03-14 14:58:20
92,45.7,51.542133,-0.198215,2015-03-14 14:58:21
93,45.7,51.542092,-0.198157,2015-03-14 14:58:22
94,45.7,51.542068,-0.19811,2015-03-14 14:58:23
95,45.6,51.542033,-0.198098,2015-03-14 14:58:25
96,45.6,51.54201,-0.198059,2015-03-14 14:58:56
97,45.5,51.541971,-0.198017,2015-03-14 14:58:58
98,45.4,51.541948,-0.197988,2015-03-14 14:58:59
99,45.4,51.541927,-0.197956,2015-03-14 14:59:00
100,45.3,51.541901,-0.197926,2015-03-14 14:59:01
101,45.2,51.541878,-0.197894,2015-03-14 14:59:02
102,45.1,51.541854,-0.19786,2015-03-14 14:59:03
103,44.9,51.541823,-0.197817,2015-03-14 14:59:04
104,44.7,51.541787,-0.197769,2015-03-14 14:59:05
105,44.5,51.541748,-0.197712,2015-03-14 14:59:06
106,44.4,51.541737,-0.197652,2015-03-14 14:59:07
107,44.2,51.541701,-0.197607,2015-03-14 14:59:08
108,44.0,51.541652,-0.197556,2015-03-14 14:59:09
109,43.9,51.541614,-0.197527,2015-03-14 14:59:10
110,43.7,51.541569,-0.197479,2015-03-14 14:59:11
111,43.6,51.541525,-0.197435,2015-03-14 14:59:12
112,43.5,51.541478,-0.197393,2015-03-14 14:59:13
113,43.4,51.541438,-0.197369,2015-03-14 14:59:14
114,43.3,51.5414,-0.197346,2015-03-14 14:59:15
115,43.2,51.541366,-0.197309,2015-03-14 14:59:16
116,43.1,51.54133,-0.197274,2015-03-14 14:59:17
117,43.1,51.541303,-0.19724,2015-03-14 14:59:18
118,43.0,51.541276,-0.197203,2015-03-14 14:59:19
119,42.9,51.541232,-0.19718,2015-03-14 14:59:20
120,42.8,51.541199,-0.197154,2015-03-14 14:59:21
121,42.7,51.541157,-0.197113,2015-03-14 14:59:22
122,42.6,51.541144,-0.197068,2015-03-14 14:59:23
123,42.5,51.541125,-0.197024,2015-03-14 14:59:24
124,42.4,51.541098,-0.196982,2015-03-14 14:59:25
125,42.2,51.541066,-0.196936,2015-03-14 14:59:26
126,42.1,51.541033,-0.196893,2015-03-14 14:59:27
127,42.0,51.541,-0.196851,2015-03-14 14:59:28
128,41.9,51.540964,-0.196808,2015-03-14 14:59:29
129,41.8,51.540928,-0.196773,2015-03-14 14:59:30
130,41.7,51.540893,-0.196742,2015-03-14 14:59:31
131,41.6,51.540859,-0.196708,2015-03-14 14:59:32
132,41.5,51.540826,-0.196666,2015-03-14 14:59:33
133,41.4,51.540798,-0.196625,2015-03-14 14:59:34
134,41.4,51.540768,-0.196587,2015-03-14 14:59:35
135,41.3,51.54074,-0.196557,2015-03-14 14:59:36
136,41.2,51.540688,-0.196533,2015-03-14 14:59:38
137,41.1,51.540656,-0.196521,2015-03-14 14:59:39
138,41.1,51.540622,-0.196497,2015-03-14 14:59:40
139,41.0,51.540584,-0.196462,2015-03-14 14:59:41
140,41.0,51.540554,-0.196405,2015-03-14 14:59:42
141,41.1,51.540531,-0.196349,2015-03-14 14:59:43
142,41.1,51.540513,-0.196296,2015-03-14 14:59:44
143,41.1,51.540498,-0.196241,2015-03-14 14:59:45
144,41.1,51.540478,-0.196199,2015-03-14 14:59:46
145,41.0,51.540457,-0.196164,2015-03-14 14:59:47
146,41.0,51.540434,-0.19613,2015-03-14 14:59:48
147,41.0,51.540409,-0.196097,2015-03-14 14:59:49
148,41.0,51.540384,-0.196065,2015-03-14 14:59:50
149,40.9,51.540356,-0.196032,2015-03-14 14:59:51
150,40.9,51.540328,-0.195998,2015-03-14 14:59:52
151,40.9,51.5403,-0.195968,2015-03-14 14:59:53
152,40.8,51.54027,-0.19594,2015-03-14 14:59:54
153,40.8,51.540238,-0.195915,2015-03-14 14:59:55
154,40.7,51.540207,-0.19589,2015-03-14 14:59:56
155,40.7,51.540179,-0.195862,2015-03-14 14:59:57
156,40.7,51.54015,-0.195845,2015-03-14 14:59:58
157,40.6,51.540123,-0.195825,2015-03-14 14:59:59
158,40.6,51.540073,-0.195802,2015-03-14 15:00:00
159,40.6,51.540042,-0.195774,2015-03-14 15:00:01
160,40.5,51.540022,-0.195729,2015-03-14 15:00:02
161,40.5,51.540031,-0.195673,2015-03-14 15:00:03
162,40.5,51.53998,-0.19566,2015-03-14 15:00:04
163,40.4,51.539939,-0.195644,2015-03-14 15:00:06
164,40.4,51.539922,-0.19561,2015-03-14 15:00:07
165,40.4,51.539892,-0.19558,2015-03-14 15:00:09
166,40.3,51.539869,-0.195604,2015-03-14 15:00:19
167,40.4,51.5399,-0.19559,2015-03-14 15:00:29
168,40.4,51.53993,-0.195585,2015-03-14 15:00:31
169,40.5,51.539973,-0.195583,2015-03-14 15:00:34
170,40.5,51.540015,-0.19562,2015-03-14 15:00:36
171,40.5,51.54004,-0.195646,2015-03-14 15:00:37
172,40.6,51.540066,-0.195674,2015-03-14 15:00:38
173,40.6,51.540092,-0.195704,2015-03-14 15:00:39
174,40.6,51.540118,-0.195735,2015-03-14 15:00:40
175,40.7,51.540132,-0.195776,2015-03-14 15:00:41
176,40.7,51.540136,-0.195828,2015-03-14 15:00:42
177,40.7,51.540131,-0.195886,2015-03-14 15:00:43
178,40.6,51.540115,-0.19595,2015-03-14 15:00:44
179,40.6,51.540098,-0.196017,2015-03-14 15:00:45
180,40.6,51.540083,-0.196082,2015-03-14 15:00:46
181,40.6,51.540067,-0.196149,2015-03-14 15:00:47
182,40.6,51.540052,-0.196226,2015-03-14 15:00:48
183,40.4,51.540034,-0.196299,2015-03-14 15:00:49
184,40.3,51.540017,-0.196364,2015-03-14 15:00:50
185,40.1,51.539997,-0.196428,2015-03-14 15:00:51
186,39.9,51.539979,-0.196491,2015-03-14 15:00:52
187,39.7,51.539962,-0.196556,2015-03-14 15:00:53
188,39.5,51.539944,-0.196622,2015-03-14 15:00:54
189,39.3,51.539923,-0.19669,2015-03-14 15:00:55
190,39.0,51.539904,-0.196778,2015-03-14 15:00:56
191,38.7,51.539886,-0.196842,2015-03-14 15:00:57
192,38.5,51.539865,-0.196908,2015-03-14 15:00:58
193,38.2,51.539847,-0.19698,2015-03-14 15:00:59
194,38.0,51.539831,-0.197055,2015-03-14 15:01:00
195,37.8,51.539818,-0.197136,2015-03-14 15:01:01
196,37.3,51.539727,-0.197172,2015-03-14 15:01:02
197,37.1,51.539709,-0.197266,2015-03-14 15:01:03
198,36.8,51.539693,-0.197345,2015-03-14 15:01:04
199,36.6,51.539679,-0.197419,2015-03-14 15:01:05
200,36.3,51.539658,-0.197529,2015-03-14 15:01:06
201,36.1,51.539644,-0.1976,2015-03-14 15:01:07
202,35.8,51.539627,-0.19769,2015-03-14 15:01:08
203,35.5,51.539611,-0.197771,2015-03-14 15:01:09
204,35.2,51.539595,-0.197855,2015-03-14 15:01:10
205,35.1,51.539587,-0.197898,2015-03-14 15:01:11
206,35.1,51.539574,-0.19797,2015-03-14 15:01:12
207,35.1,51.539565,-0.198013,2015-03-14 15:01:13
208,35.2,51.539555,-0.198069,2015-03-14 15:01:14
209,35.2,51.539541,-0.198142,2015-03-14 15:01:15
210,35.3,51.539527,-0.198213,2015-03-14 15:01:16
211,35.4,51.539512,-0.198289,2015-03-14 15:01:18
212,35.4,51.539499,-0.198362,2015-03-14 15:01:19
213,35.5,51.539489,-0.198415,2015-03-14 15:01:20
214,35.5,51.539479,-0.198469,2015-03-14 15:01:21
215,35.5,51.539471,-0.198517,2015-03-14 15:01:23
216,35.6,51.539455,-0.198605,2015-03-14 15:02:36
217,35.6,51.539458,-0.198662,2015-03-14 15:02:39
218,35.9,51.539591,-0.198684,2015-03-14 15:02:43
219,35.7,51.539523,-0.198623,2015-03-14 15:03:14
220,35.8,51.539554,-0.198634,2015-03-14 15:03:15
221,35.8,51.539574,-0.198599,2015-03-14 15:03:20
222,35.9,51.5396,-0.198571,2015-03-14 15:03:25
223,36.0,51.539621,-0.198612,2015-03-14 15:03:42
224,35.9,51.539609,-0.198564,2015-03-14 15:03:49
225,35.8,51.539596,-0.198518,2015-03-14 15:03:52
226,35.7,51.539593,-0.198471,2015-03-14 15:03:55
227,35.8,51.539596,-0.198521,2015-03-14 15:04:05
228,35.9,51.539623,-0.198528,2015-03-14 15:04:14
229,35.9,51.539642,-0.198492,2015-03-14 15:04:26
230,35.8,51.539618,-0.198467,2015-03-14 15:04:37
231,35.7,51.539584,-0.198526,2015-03-14 15:04:40
232,35.8,51.539567,-0.198568,2015-03-14 15:04:42
233,35.9,51.539587,-0.198613,2015-03-14 15:04:45
234,36.0,51.539613,-0.198649,2015-03-14 15:04:46
235,36.2,51.539648,-0.198677,2015-03-14 15:04:47
236,36.2,51.539651,-0.198732,2015-03-14 15:04:49
237,36.2,51.539632,-0.198772,2015-03-14 15:04:52
238,36.1,51.539606,-0.198793,2015-03-14 15:04:57
239,36.0,51.539588,-0.19876,2015-03-14 15:05:04
240,35.9,51.53956,-0.198721,2015-03-14 15:05:07
241,35.7,51.539512,-0.198667,2015-03-14 15:05:14
242,35.8,51.539536,-0.198634,2015-03-14 15:05:24
243,35.9,51.539578,-0.19864,2015-03-14 15:05:26
244,36.0,51.539625,-0.198656,2015-03-14 15:05:28
245,36.0,51.539604,-0.198693,2015-03-14 15:05:35
246,36.2,51.539633,-0.198728,2015-03-14 15:05:39
247,36.1,51.539602,-0.198743,2015-03-14 15:05:43
248,36.0,51.539569,-0.198758,2015-03-14 15:05:45
249,35.8,51.539506,-0.198717,2015-03-14 15:05:47
250,35.7,51.539467,-0.19868,2015-03-14 15:05:48
251,35.6,51.539439,-0.198644,2015-03-14 15:05:49
252,35.5,51.539404,-0.198606,2015-03-14 15:05:51
253,35.4,51.539371,-0.198576,2015-03-14 15:05:53
254,35.3,51.539333,-0.198552,2015-03-14 15:05:56
255,35.4,51.539363,-0.19854,2015-03-14 15:06:09
256,35.4,51.53936,-0.198611,2015-03-14 15:06:14
257,35.5,51.539385,-0.198658,2015-03-14 15:06:16
258,35.5,51.53941,-0.198675,2015-03-14 15:06:18
259,35.4,51.539378,-0.198641,2015-03-14 15:06:24
260,35.4,51.539356,-0.198605,2015-03-14 15:06:25
261,35.3,51.539329,-0.198563,2015-03-14 15:06:26
262,35.2,51.5393,-0.198521,2015-03-14 15:06:27
263,35.2,51.539268,-0.198488,2015-03-14 15:06:28
264,35.1,51.539237,-0.198459,2015-03-14 15:06:29
265,35.1,51.539209,-0.198432,2015-03-14 15:06:30
266,35.0,51.539177,-0.1984,2015-03-14 15:06:32
267,35.1,51.539216,-0.198468,2015-03-14 15:06:35
268,35.2,51.539287,-0.1985,2015-03-14 15:06:38
269,35.3,51.539357,-0.198533,2015-03-14 15:07:12
270,35.5,51.539428,-0.198566,2015-03-14 15:07:15
271,35.7,51.539499,-0.198599,2015-03-14 15:07:22
272,35.8,51.539571,-0.198632,2015-03-14 15:07:25
273,35.8,51.539585,-0.198582,2015-03-14 15:07:27
274,35.7,51.53954,-0.198538,2015-03-14 15:07:31
275,35.7,51.539565,-0.198517,2015-03-14 15:07:44
276,35.7,51.539577,-0.198471,2015-03-14 15:07:47
277,35.6,51.539594,-0.198417,2015-03-14 15:07:51
278,35.6,51.539601,-0.198358,2015-03-14 15:07:54
279,35.5,51.539598,-0.198298,2015-03-14 15:07:57
280,35.5,51.539603,-0.198233,2015-03-14 15:08:00
281,35.5,51.539609,-0.198185,2015-03-14 15:08:02
282,35.4,51.539613,-0.19812,2015-03-14 15:08:05
283,35.4,51.539623,-0.198062,2015-03-14 15:08:08
284,35.4,51.539634,-0.19802,2015-03-14 15:08:10
285,35.4,51.539642,-0.197974,2015-03-14 15:08:12
286,35.4,51.53965,-0.197928,2015-03-14 15:08:14
287,35.5,51.539649,-0.197883,2015-03-14 15:08:16
288,35.7,51.539668,-0.197828,2015-03-14 15:08:19
289,35.8,51.539679,-0.197787,2015-03-14 15:08:21
290,36.0,51.539687,-0.197739,2015-03-14 15:08:24
291,36.2,51.539693,-0.197679,2015-03-14 15:08:27
292,36.3,51.539695,-0.197614,2015-03-14 15:08:30
293,36.4,51.539697,-0.197552,2015-03-14 15:08:33
294,36.6,51.539707,-0.197503,2015-03-14 15:08:35
295,36.7,51.539719,-0.197455,2015-03-14 15:08:37
296,36.9,51.539731,-0.197405,2015-03-14 15:08:39
297,37.0,51.539742,-0.197357,2015-03-14 15:08:41
298,37.2,51.53975,-0.197312,2015-03-14 15:08:43
299,37.3,51.539765,-0.197246,2015-03-14 15:08:46
300,37.5,51.539776,-0.197205,2015-03-14 15:08:48
301,37.6,51.539784,-0.197157,2015-03-14 15:08:50
302,37.7,51.539791,-0.197109,2015-03-14 15:08:52
303,37.8,51.539802,-0.197065,2015-03-14 15:08:54
304,38.1,51.539814,-0.197008,2015-03-14 15:08:57
305,38.3,51.539825,-0.196951,2015-03-14 15:09:00
306,38.5,51.539839,-0.196888,2015-03-14 15:09:03
307,38.6,51.539848,-0.196841,2015-03-14 15:09:05
308,38.8,51.539858,-0.196794,2015-03-14 15:09:07
309,39.0,51.539866,-0.196746,2015-03-14 15:09:09
310,39.1,51.539882,-0.196692,2015-03-14 15:09:12
311,39.3,51.539901,-0.196637,2015-03-14 15:09:15
312,39.5,51.539925,-0.19659,2015-03-14 15:09:18
313,39.7,51.539959,-0.19656,2015-03-14 15:09:21
314,39.8,51.539981,-0.196527,2015-03-14 15:09:23
315,39.9,51.539996,-0.196489,2015-03-14 15:09:25
316,40.0,51.540011,-0.196446,2015-03-14 15:09:27
317,40.2,51.540028,-0.196388,2015-03-14 15:09:30
318,40.3,51.540047,-0.196355,2015-03-14 15:09:32
319,40.3,51.540079,-0.196364,2015-03-14 15:09:35
320,40.4,51.540116,-0.19637,2015-03-14 15:09:37
321,40.4,51.540143,-0.196385,2015-03-14 15:09:38
322,40.4,51.540169,-0.196416,2015-03-14 15:09:42
323,40.3,51.540172,-0.196481,2015-03-14 15:09:45
324,40.2,51.540191,-0.196513,2015-03-14 15:09:48
325,40.3,51.540232,-0.19655,2015-03-14 15:09:50
326,40.3,51.540269,-0.196582,2015-03-14 15:09:52
327,40.3,51.540297,-0.196602,2015-03-14 15:09:54
328,40.3,51.540329,-0.196634,2015-03-14 15:09:57
329,40.4,51.540352,-0.196657,2015-03-14 15:09:59
330,40.4,51.54038,-0.196689,2015-03-14 15:10:01
331,40.4,51.540414,-0.196706,2015-03-14 15:10:05
332,40.6,51.540447,-0.196671,2015-03-14 15:10:08
333,40.7,51.54047,-0.196644,2015-03-14 15:10:10
334,40.7,51.540508,-0.196638,2015-03-14 15:10:13
335,40.9,51.540538,-0.196597,2015-03-14 15:10:16
336,40.9,51.540543,-0.196552,2015-03-14 15:10:18
337,40.9,51.540544,-0.196496,2015-03-14 15:10:21
338,41.0,51.540571,-0.196478,2015-03-14 15:10:24
339,41.1,51.540601,-0.19649,2015-03-14 15:10:27
340,41.1,51.540634,-0.196516,2015-03-14 15:10:29
341,41.2,51.540663,-0.196532,2015-03-14 15:10:32
342,41.2,51.540698,-0.196567,2015-03-14 15:10:36
343,41.3,51.540723,-0.196604,2015-03-14 15:10:38
344,41.3,51.540749,-0.196615,2015-03-14 15:10:40
345,41.4,51.540777,-0.196616,2015-03-14 15:10:45
346,41.4,51.540812,-0.196674,2015-03-14 15:10:48
347,41.5,51.540838,-0.196729,2015-03-14 15:10:50
348,41.6,51.540863,-0.196789,2015-03-14 15:10:52
349,41.7,51.540894,-0.19682,2015-03-14 15:10:56
350,41.7,51.540916,-0.196803,2015-03-14 15:11:04
351,41.8,51.540938,-0.196787,2015-03-14 15:11:07
352,41.8,51.540961,-0.196771,2015-03-14 15:12:24
353,41.9,51.540983,-0.196754,2015-03-14 15:12:25
354,41.9,51.540974,-0.196797,2015-03-14 15:12:26
355,42.0,51.540984,-0.19689,2015-03-14 15:12:35
356,42.1,51.541019,-0.196917,2015-03-14 15:12:37
357,42.1,51.541042,-0.196884,2015-03-14 15:12:39
358,42.1,51.541024,-0.196842,2015-03-14 15:12:40
359,41.9,51.540983,-0.196777,2015-03-14 15:12:41
360,41.8,51.540959,-0.196735,2015-03-14 15:12:42
361,41.7,51.540909,-0.196677,2015-03-14 15:12:43
362,41.6,51.540888,-0.196641,2015-03-14 15:12:44
363,41.6,51.540896,-0.196594,2015-03-14 15:12:47
364,41.7,51.540917,-0.196541,2015-03-14 15:12:48
365,41.7,51.540943,-0.196582,2015-03-14 15:12:50
366,41.8,51.540949,-0.196662,2015-03-14 15:12:54
367,41.8,51.540941,-0.196659,2015-03-14 15:30:11
368,41.7,51.540934,-0.196656,2015-03-14 15:30:12
369,41.9,51.541002,-0.196726,2015-03-14 15:30:17
370,42.1,51.541045,-0.19674,2015-03-14 15:30:18
371,41.9,51.541002,-0.196603,2015-03-14 15:36:24
372,41.9,51.540985,-0.196639,2015-03-14 15:36:25
373,41.6,51.540867,-0.196686,2015-03-14 15:36:31
374,41.1,51.540655,-0.196521,2015-03-14 15:38:08
375,41.1,51.540633,-0.196473,2015-03-14 15:38:14
376,41.2,51.540658,-0.196425,2015-03-14 15:38:15
377,41.0,51.540598,-0.196545,2015-03-14 15:38:26
378,40.9,51.540571,-0.196578,2015-03-14 15:38:27
379,41.0,51.540593,-0.196597,2015-03-14 15:38:36
380,41.1,51.540622,-0.196569,2015-03-14 15:54:24
381,41.1,51.54065,-0.196542,2015-03-14 15:54:43
382,41.2,51.540679,-0.196515,2015-03-14 15:54:49
383,41.3,51.540708,-0.196487,2015-03-14 15:55:02
384,41.3,51.540737,-0.19646,2015-03-14 15:59:23
385,41.4,51.540766,-0.196433,2015-03-14 15:59:27
386,41.4,51.540795,-0.196405,2015-03-14 15:59:28
387,41.5,51.540834,-0.196642,2015-03-14 16:02:21
388,41.6,51.54086,-0.196619,2015-03-14 16:02:23
389,41.6,51.540867,-0.196671,2015-03-14 16:02:27
390,41.6,51.540863,-0.196727,2015-03-14 16:02:29
391,41.5,51.54084,-0.196751,2015-03-14 16:02:34
392,41.5,51.540824,-0.196714,2015-03-14 16:02:36
393,41.4,51.540808,-0.196676,2015-03-14 16:02:38
394,41.4,51.540781,-0.196641,2015-03-14 16:02:41
395,41.3,51.540761,-0.196592,2015-03-14 16:02:44
396,41.3,51.540745,-0.196553,2015-03-14 16:02:46
397,41.3,51.540728,-0.196517,2015-03-14 16:02:48
398,41.3,51.540702,-0.196468,2015-03-14 16:02:51
399,41.2,51.54068,-0.196422,2015-03-14 16:02:53
400,41.2,51.540659,-0.196368,2015-03-14 16:02:55
401,41.2,51.540649,-0.196324,2015-03-14 16:02:58
402,41.3,51.540642,-0.19628,2015-03-14 16:03:04
403,41.2,51.540614,-0.196262,2015-03-14 16:03:06
404,41.2,51.540587,-0.196282,2015-03-14 16:03:10
405,41.1,51.540555,-0.196316,2015-03-14 16:03:13
406,41.1,51.540529,-0.196341,2015-03-14 16:03:18
407,41.0,51.540533,-0.19639,2015-03-14 16:03:21
408,41.0,51.540558,-0.196438,2015-03-14 16:05:59
409,41.1,51.540591,-0.196453,2015-03-14 16:06:01
410,41.1,51.54062,-0.196478,2015-03-14 16:06:04
411,41.0,51.540494,-0.196356,2015-03-14 16:08:17
412,41.0,51.540472,-0.196317,2015-03-14 16:08:23
413,41.0,51.540461,-0.196267,2015-03-14 16:08:30
414,41.1,51.540554,-0.196351,2015-03-14 16:09:52
415,41.0,51.540573,-0.196565,2015-03-14 16:24:45
416,41.0,51.540569,-0.196499,2015-03-14 16:24:54
417,40.9,51.540535,-0.196526,2015-03-14 16:25:11
418,41.0,51.540551,-0.196427,2015-03-14 16:25:15
419,41.1,51.540571,-0.196376,2015-03-14 16:25:22
420,41.1,51.54058,-0.196323,2015-03-14 16:25:24
421,41.2,51.540596,-0.196287,2015-03-14 16:25:26
422,41.2,51.540546,-0.196133,2015-03-14 16:34:37
423,41.1,51.540525,-0.196164,2015-03-14 16:34:41
424,41.1,51.540513,-0.196218,2015-03-14 16:34:44
425,41.1,51.540499,-0.196268,2015-03-14 16:34:48
426,41.0,51.540468,-0.196308,2015-03-14 16:34:51
427,40.9,51.540449,-0.196349,2015-03-14 16:34:53
428,40.9,51.540434,-0.19639,2015-03-14 16:34:55
429,40.8,51.540418,-0.196426,2015-03-14 16:34:57
430,40.7,51.540409,-0.196468,2015-03-14 16:35:00
431,40.6,51.540405,-0.196527,2015-03-14 16:35:03
432,40.6,51.540384,-0.196566,2015-03-14 16:35:06
433,40.6,51.540362,-0.19652,2015-03-14 16:35:09
434,40.6,51.540342,-0.196472,2015-03-14 16:35:12
435,40.6,51.540314,-0.196446,2015-03-14 16:35:14
436,40.6,51.540279,-0.196428,2015-03-14 16:35:16
437,40.5,51.540243,-0.196403,2015-03-14 16:35:18
438,40.5,51.540216,-0.196386,2015-03-14 16:35:20
439,40.5,51.54018,-0.196356,2015-03-14 16:35:23
440,40.5,51.540157,-0.196326,2015-03-14 16:35:25
441,40.6,51.540126,-0.196287,2015-03-14 16:35:28
442,40.6,51.540101,-0.196271,2015-03-14 16:35:30
443,40.6,51.540072,-0.196245,2015-03-14 16:35:32
444,40.6,51.540043,-0.196233,2015-03-14 16:35:34
445,40.5,51.540022,-0.196266,2015-03-14 16:35:36
446,40.4,51.540013,-0.196318,2015-03-14 16:35:38
447,40.2,51.540004,-0.19637,2015-03-14 16:35:40
448,40.1,51.539988,-0.196428,2015-03-14 16:35:43
449,39.9,51.539972,-0.196464,2015-03-14 16:35:45
450,39.8,51.539954,-0.196518,2015-03-14 16:35:48
451,39.6,51.53994,-0.196558,2015-03-14 16:35:50
452,39.5,51.539922,-0.196598,2015-03-14 16:35:52
453,39.4,51.539906,-0.196638,2015-03-14 16:35:54
454,39.2,51.539885,-0.196691,2015-03-14 16:35:57
455,39.0,51.539871,-0.196747,2015-03-14 16:36:00
456,38.8,51.539854,-0.1968,2015-03-14 16:36:03
457,38.6,51.539842,-0.196859,2015-03-14 16:36:06
458,38.4,51.539835,-0.196914,2015-03-14 16:36:09
459,38.2,51.539826,-0.196975,2015-03-14 16:36:12
460,38.0,51.53982,-0.197034,2015-03-14 16:36:15
461,37.8,51.539803,-0.197087,2015-03-14 16:36:18
462,37.6,51.539784,-0.197134,2015-03-14 16:36:21
463,37.5,51.539783,-0.197195,2015-03-14 16:36:25
464,37.4,51.539778,-0.197238,2015-03-14 16:36:27
465,37.3,51.539769,-0.197298,2015-03-14 16:36:30
466,37.1,51.539763,-0.197348,2015-03-14 16:36:32
467,37.0,51.539758,-0.197407,2015-03-14 16:36:34
468,36.9,51.539749,-0.197454,2015-03-14 16:36:36
469,36.7,51.539732,-0.197505,2015-03-14 16:36:40
470,36.5,51.539716,-0.197545,2015-03-14 16:36:42
471,36.4,51.539704,-0.197588,2015-03-14 16:36:44
472,36.2,51.53969,-0.197632,2015-03-14 16:36:46
473,36.0,51.539668,-0.197685,2015-03-14 16:36:49
474,35.9,51.539658,-0.197725,2015-03-14 16:36:51
475,35.7,51.539638,-0.19777,2015-03-14 16:36:54
476,35.5,51.539632,-0.19782,2015-03-14 16:36:56
477,35.4,51.539634,-0.197872,2015-03-14 16:36:58
478,35.3,51.539629,-0.197922,2015-03-14 16:37:00
479,35.3,51.539621,-0.197975,2015-03-14 16:37:02
480,35.3,51.539613,-0.198025,2015-03-14 16:37:04
481,35.3,51.539604,-0.198074,2015-03-14 16:37:06
482,35.3,51.539593,-0.198118,2015-03-14 16:37:08
483,35.3,51.539582,-0.198162,2015-03-14 16:37:10
484,35.3,51.539574,-0.198206,2015-03-14 16:37:12
485,35.4,51.539561,-0.198269,2015-03-14 16:37:15
486,35.5,51.539558,-0.198319,2015-03-14 16:37:17
487,35.5,51.539554,-0.198362,2015-03-14 16:37:19
488,35.5,51.539548,-0.198415,2015-03-14 16:37:22
489,35.6,51.539533,-0.198474,2015-03-14 16:37:25
490,35.6,51.539529,-0.198528,2015-03-14 16:37:28
491,35.6,51.539518,-0.198479,2015-03-14 16:37:44
492,35.5,51.53948,-0.198498,2015-03-14 16:37:47
493,35.5,51.53946,-0.198549,2015-03-14 16:37:49
494,35.5,51.539442,-0.198594,2015-03-14 16:37:51
495,35.8,51.539637,-0.198332,2015-03-14 16:38:40
496,35.8,51.539641,-0.1984,2015-03-14 16:38:47
497,35.8,51.539621,-0.19844,2015-03-14 16:38:50
498,35.8,51.539617,-0.198483,2015-03-14 16:39:12
499,35.8,51.539603,-0.198533,2015-03-14 16:39:16
500,35.8,51.539595,-0.198576,2015-03-14 16:39:22
501,35.8,51.539609,-0.198525,2015-03-14 16:39:28
502,35.9,51.539633,-0.198497,2015-03-14 16:39:33
503,36.0,51.539666,-0.198435,2015-03-14 16:39:42
504,36.0,51.539652,-0.198481,2015-03-14 16:40:06
505,36.0,51.539663,-0.198438,2015-03-14 16:40:16
506,35.9,51.539636,-0.19847,2015-03-14 16:40:23
507,35.8,51.539602,-0.198507,2015-03-14 16:40:28
508,35.8,51.539576,-0.198558,2015-03-14 16:40:30
509,35.9,51.539583,-0.198634,2015-03-14 16:40:32
